#{"t_start": 1723735176.6394598, "env_id": "Cobrinha"}
r,l,t
-640.0,8,1.04807
-552.0,3,1.050077
-588.0,7,1.054069
-657.0,17,1.063069
-523.0,5,1.069089
-895.0,19,1.08007
-505.0,1,1.08107
-1337.0,94,1.130508
-551.0,2,1.134476
-513.0,1,1.134476
-1044.0,28,1.150498
-528.0,1,1.151502
-537.0,2,1.15349
-514.0,1,1.15349
-531.0,1,1.154487
-703.0,14,1.164487
-2572.0,98,1.218309
-522.0,1,1.21928
-597.0,4,1.22131
-603.0,4,1.223297
-559.0,3,1.22728
-512.0,2,1.229311
-597.0,6,1.232272
-627.0,35,1.250279
-509.0,1,1.251266
-622.0,18,1.261825
1864.0,32,1.277108
-550.0,2,1.27911
-592.0,3,1.281959
-537.0,3,1.283947
-789.0,19,1.294745
-539.0,2,1.296761
-521.0,1,1.297753
-506.0,1,1.298744
-506.0,1,1.298744
-529.0,1,1.300315
-1050.0,26,1.316151
-507.0,1,1.317137
-595.0,4,1.319134
-582.0,4,1.322135
1820.0,33,1.34383
-513.0,1,1.344833
-763.0,10,1.35083
-554.0,9,1.35583
-594.0,5,1.35983
-915.0,20,1.37083
-528.0,1,1.37183
-524.0,1,1.372829
-519.0,2,1.373832
-564.0,4,1.37583
-532.0,2,1.376829
-537.0,2,1.378832
-1449.0,78,1.42083
-529.0,5,1.422834
-606.0,9,1.427829
-549.0,2,1.42983
-828.0,15,1.438919
-559.0,3,1.440919
-528.0,1,1.44192
-539.0,2,1.442919
-529.0,1,1.444921
-520.0,1,1.445922
-540.0,5,1.447927
-537.0,2,1.449923
-527.0,1,1.45192
-698.0,34,1.470513
287.0,110,1.524514
-541.0,2,1.526518
-507.0,1,1.528518
-718.0,10,1.534539
-526.0,3,1.536514
-532.0,1,1.536514
-571.0,5,1.539884
-757.0,10,1.546902
-514.0,1,1.547852
-519.0,1,1.548846
-541.0,2,1.549993
-549.0,4,1.553006
-747.0,13,1.561009
579.0,136,1.676337
1293.0,46,1.815426
-936.0,25,1.883415
-1969.0,74,2.098463
-1227.0,50,2.238424
-548.0,2,2.251415
-986.0,66,2.434472
-523.0,1,2.434472
-854.0,39,2.549415
-525.0,5,2.562469
-602.0,4,2.573423
-957.0,42,2.696414
-776.0,25,2.766414
-1044.0,69,2.963024
-976.0,53,3.125153
-588.0,4,3.137113
-606.0,6,3.150112
-915.0,41,3.270127
-558.0,2,3.281112
1547.0,56,3.445113
-707.0,15,3.490162
-940.0,48,3.631162
-1748.0,92,3.900112
-685.0,16,3.957115
-1085.0,93,4.22813
-520.0,2,4.230113
1608.0,41,4.359164
-546.0,5,4.371166
1674.0,71,4.590113
1743.0,43,4.712113
-624.0,6,4.733164
-518.0,2,4.735124
1641.0,33,4.838125
-1261.0,78,5.071376
1157.0,57,5.23537
-529.0,1,5.245416
4177.0,44,5.37142
-1076.0,69,5.570368
-552.0,4,5.582367
-564.0,6,5.595368
-513.0,1,5.604418
-615.0,8,5.630393
-1992.0,100,5.922367
-505.0,3,5.924367
-747.0,31,6.017368
4088.0,50,6.166069
407.0,132,6.546793
717.0,125,6.904509
-996.0,82,7.135913
-600.0,4,7.148972
2633.0,142,7.555622
4154.0,61,7.72769
-641.0,8,7.751381
-1341.0,100,8.041382
-595.0,4,8.05238
-509.0,1,8.053381
-1347.0,100,8.353402
1590.0,56,8.519381
8403.0,122,8.874385
-778.0,22,8.936391
563.0,98,9.228436
7824.0,174,9.755398
-507.0,5,9.77738
-507.0,2,9.778381
-625.0,13,9.813393
-715.0,10,9.84921
-510.0,1,9.850185
10640.0,184,10.393513
1548.0,61,10.570585
8716.0,69,10.783323
1069.0,120,11.131283
-513.0,1,11.132281
-646.0,9,11.15627
1071.0,120,11.501837
10288.0,123,11.852845
12826.0,153,12.292208
2912.0,221,12.922684
4004.0,83,13.163183
8074.0,194,13.737049
7967.0,159,14.283003
10952.0,129,14.664994
10464.0,142,15.083009
7465.0,165,15.556995
10323.0,151,15.999993
8743.0,68,16.196994
-631.0,8,16.221933
4016.0,56,16.388933
8018.0,118,16.737808
-711.0,15,16.77582
12823.0,153,17.224846
-574.0,7,17.237795
-597.0,10,17.270805
-624.0,30,17.350807
8363.0,95,17.62792
-516.0,1,17.62792
-587.0,5,17.648974
13248.0,130,18.020055
-523.0,2,18.032068
13326.0,110,18.349029
6534.0,84,18.595056
-539.0,3,18.606032
13038.0,145,19.035038
5942.0,106,19.35004
6472.0,84,19.600038
-550.0,3,19.603029
8537.0,108,19.928178
15444.0,150,20.383162
10786.0,119,20.735167
1720.0,36,20.841177
10129.0,158,21.325217
-583.0,4,21.33623
-636.0,6,21.357166
-596.0,10,21.381218
-564.0,3,21.395176
11445.0,106,21.740168
1731.0,49,21.916165
1510.0,58,22.106173
15756.0,133,22.571175
-533.0,2,22.58318
-587.0,4,22.597169
-604.0,4,22.610163
11305.0,98,22.951174
-650.0,11,22.994166
13017.0,152,23.471003
-576.0,9,23.495
13665.0,108,23.813006
12422.0,172,24.325001
8239.0,100,24.623997
10609.0,109,24.965037
-568.0,12,25.004032
8628.0,102,25.299991
15515.0,133,25.693991
-591.0,5,25.715004
-651.0,12,25.751072
7864.0,120,26.108059
1928.0,16,26.156061
6660.0,54,26.314714
13733.0,131,26.697739
10808.0,116,27.030726
17968.0,156,27.477726
-512.0,1,27.478726
10715.0,106,27.79274
4192.0,52,27.945535
-602.0,10,27.97002
-508.0,7,27.993016
7779.0,124,28.360047
8284.0,94,30.360307
-595.0,6,30.382311
8270.0,109,30.704326
8121.0,116,31.052356
8243.0,91,31.324311
8679.0,59,31.501346
-518.0,2,31.503321
15175.0,164,31.989526
-544.0,3,32.000486
29938.0,234,32.676485
10948.0,74,32.894612
8044.0,110,33.213634
7738.0,131,33.597824
17827.0,172,34.114744
17574.0,183,34.661741
8570.0,69,34.864765
10996.0,85,35.116777
6422.0,68,35.313751
9094.0,75,35.537742
10917.0,84,35.787792
-722.0,10,35.82175
7574.0,133,36.20975
8280.0,88,36.466751
-551.0,5,36.479744
-542.0,2,36.490792
13270.0,119,36.830743
-546.0,2,36.840743
11391.0,103,37.144755
1974.0,7,37.159799
-576.0,5,37.180795
-516.0,4,37.192797
1702.0,56,37.3548
7723.0,138,37.749481
-546.0,2,37.759481
-613.0,7,37.773487
-542.0,2,37.784496
11255.0,66,37.978944
5740.0,127,38.348949
6077.0,109,38.661952
-528.0,2,38.673744
-633.0,8,38.704749
13007.0,135,39.128017
-532.0,2,39.129966
-615.0,14,39.208965
6698.0,65,39.443848
-570.0,4,39.4549
10576.0,105,39.764862
10371.0,128,40.147047
12915.0,144,40.575065
8424.0,77,40.801051
-554.0,3,40.812062
8706.0,101,41.114052
-597.0,4,41.126049
13019.0,137,41.537097
-543.0,3,41.540049
11141.0,110,41.86405
-527.0,1,41.865048
3801.0,78,42.097061
8837.0,50,42.239062
22366.0,222,42.889046
-515.0,1,42.890046
7994.0,127,43.260098
7865.0,106,43.568058
-624.0,6,43.591045
-575.0,4,43.603047
10922.0,94,43.873048
1727.0,49,44.020049
13636.0,119,44.430992
13337.0,105,44.739364
8405.0,90,45.011387
-552.0,3,45.023436
11189.0,65,45.219387
13345.0,128,45.601272
-556.0,5,45.613278
-725.0,16,45.662269
19844.0,229,46.336272
8082.0,95,46.61327
8138.0,95,46.956261
13438.0,137,47.358269
13454.0,109,47.676816
10869.0,87,47.932824
-547.0,4,47.944819
17958.0,146,48.374781
3519.0,85,48.619627
10141.0,149,49.055564
-699.0,11,49.090607
-654.0,9,49.115576
8112.0,99,49.421606
8287.0,94,49.700558
10630.0,116,50.044566
10862.0,92,50.319608
17554.0,182,50.867556
7773.0,132,51.271577
10836.0,104,51.582608
8046.0,114,51.92257
-543.0,2,51.935571
-536.0,2,51.936611
13086.0,121,52.298556
19615.0,213,52.919758
-622.0,6,52.937744
15810.0,145,53.41952
13499.0,97,53.754654
-530.0,2,53.756653
7811.0,127,54.216654
10359.0,133,54.672655
8354.0,83,54.919074
22654.0,186,55.476081
11092.0,73,55.692071
12913.0,133,56.104227
-510.0,2,56.114239
13310.0,123,56.471226
13581.0,91,56.743204
-635.0,6,56.766257
7954.0,112,57.093254
-547.0,2,57.09426
13094.0,122,57.458588
-649.0,8,57.482626
-605.0,5,57.494582
10412.0,122,57.849933
10418.0,129,58.23508
12368.0,153,58.681099
11270.0,105,58.994353
20159.0,199,59.59935
13340.0,107,59.920001
8383.0,100,61.530252
13200.0,113,61.862256
20798.0,112,62.188252
8202.0,98,62.470081
8331.0,93,62.749121
4084.0,52,62.899084
-607.0,5,62.912093
8653.0,65,63.099076
12739.0,137,63.494252
20392.0,177,64.020262
-533.0,2,64.022209
16679.0,235,64.731208
18109.0,140,65.153221
15285.0,150,65.60021
8368.0,80,65.838262
1520.0,54,66.008209
8688.0,61,66.188238
25345.0,174,66.71322
12766.0,153,67.163227
8794.0,58,67.330913
19919.0,193,67.904983
12654.0,169,68.394301
6602.0,57,68.557302
-523.0,5,68.571024
6530.0,80,68.804537
8710.0,98,69.10486
20903.0,284,69.973822
15511.0,120,70.333875
1526.0,46,70.468833
20532.0,154,70.934823
10915.0,92,71.209836
17239.0,183,71.751874
-584.0,5,71.764822
8529.0,99,72.055872
18382.0,97,72.342834
4113.0,58,72.507834
13192.0,129,72.890835
-614.0,12,72.927834
8192.0,87,73.227827
-592.0,5,73.249821
8461.0,71,73.447832
-1236.0,47,73.586834
10459.0,112,73.916823
11067.0,82,74.170823
8682.0,47,74.320832
20654.0,136,74.733823
11168.0,68,74.945823
10793.0,100,75.246832
13773.0,107,75.567832
17595.0,179,76.104849
-521.0,4,76.116873
8516.0,79,76.360832
7743.0,134,76.758822
13382.0,93,77.029834
13325.0,115,77.369881
10476.0,119,77.720846
10190.0,133,78.109481
8055.0,148,78.541897
15163.0,153,78.98383
1687.0,26,79.065821
17303.0,198,79.657842
-606.0,6,79.679864
16411.0,93,79.959826
8442.0,73,80.178857
13464.0,90,80.462863
1524.0,54,80.619815
14207.0,64,80.811816
-621.0,7,80.834852
6467.0,61,81.016814
6493.0,61,81.204815
-508.0,1,81.205814
11399.0,93,81.481863
8250.0,118,81.835837
-555.0,3,81.837828
-673.0,9,81.873815
-522.0,1,81.875818
16013.0,95,82.168828
10819.0,99,82.460814
15590.0,120,82.809886
-506.0,1,82.819883
-544.0,11,82.846885
23152.0,138,83.254885
11569.0,68,83.462936
8541.0,112,83.788884
13266.0,127,84.170742
-506.0,1,84.170742
1374.0,52,84.328746
22868.0,183,84.960728
13096.0,107,85.348744
13251.0,105,85.74873
20355.0,171,86.298738
17862.0,171,86.815737
6275.0,96,87.09775
21836.0,242,87.811782
8348.0,85,88.061783
-706.0,15,88.108727
13156.0,114,88.443819
22509.0,201,89.035817
-618.0,5,89.056818
8410.0,86,89.311054
-520.0,1,89.312056
8308.0,92,89.590288
27272.0,238,90.314298
20820.0,124,90.689353
-556.0,4,90.701287
7893.0,115,91.0513
7779.0,124,91.424299
-516.0,1,91.426288
15761.0,110,93.578675
-612.0,6,93.600669
17792.0,161,94.074662
18029.0,146,94.516708
15520.0,180,95.067671
13360.0,111,95.395658
16203.0,77,95.639658
17809.0,142,96.062035
-645.0,9,96.087027
35165.0,255,96.861041
13227.0,115,97.20476
10543.0,117,97.549738
12864.0,130,97.938737
-600.0,11,97.964737
8374.0,87,98.223739
10205.0,132,98.610903
-502.0,2,98.621936
20518.0,148,99.073392
15903.0,128,99.450444
16387.0,110,99.779406
17844.0,164,100.273391
11582.0,196,100.866351
-524.0,2,100.87732
-570.0,12,100.917775
27985.0,183,101.469423
10818.0,100,101.777423
-564.0,3,101.788422
1686.0,27,101.872449
9025.0,63,102.063437
-537.0,3,102.06544
20386.0,153,102.528422
35305.0,210,103.147315
11005.0,77,103.370914
12746.0,136,103.770929
24325.0,240,104.51806
13035.0,125,104.935046
-542.0,2,104.936046
12849.0,129,105.351056
10415.0,125,105.731321
16033.0,88,106.003323
21858.0,219,106.66429
8201.0,91,106.94132
25566.0,168,107.441267
-689.0,9,107.467272
10850.0,102,107.776271
10013.0,140,108.18711
18607.0,120,108.540898
-513.0,1,108.542899
13137.0,123,108.911912
3899.0,65,109.103916
-555.0,3,109.113909
20623.0,138,109.518914
10899.0,82,109.771805
12125.0,168,110.281766
3783.0,57,110.452806
39691.0,280,111.360524
20622.0,135,111.775514
10606.0,102,112.08652
10940.0,90,112.359513
13366.0,141,112.780516
11015.0,71,112.993557
13404.0,96,113.274557
12952.0,124,113.639514
20405.0,146,114.086503
-598.0,7,114.108505
-688.0,11,114.143306
8645.0,63,114.334316
-514.0,2,114.336074
27718.0,194,114.924006
11159.0,75,115.143961
13274.0,111,115.483972
20495.0,145,115.924969
13118.0,111,116.301955
-564.0,9,116.328955
-601.0,8,116.360955
29267.0,266,117.342954
8794.0,44,117.500954
15425.0,143,117.935966
10164.0,125,118.304351
10444.0,113,118.63766
8068.0,95,118.919379
15609.0,128,119.299404
-596.0,4,119.310409
6691.0,50,119.455315
12914.0,132,119.85017
-625.0,8,119.874167
-587.0,5,119.894208
17843.0,160,120.388209
-521.0,1,120.389208
-546.0,3,120.400167
10989.0,78,120.63217
15987.0,95,120.928157
17249.0,185,121.48917
8596.0,67,121.696158
13092.0,114,122.036188
8310.0,87,122.330773
-590.0,6,122.354773
1620.0,38,122.491773
8695.0,52,122.665769
13593.0,110,122.993769
13747.0,61,123.171769
11072.0,78,123.397781
8620.0,57,123.57082
8424.0,82,123.810785
15278.0,141,126.058363
13284.0,96,126.349159
15491.0,133,126.758139
10748.0,104,127.071189
15480.0,144,127.50119
13311.0,102,127.800163
20494.0,151,128.252152
13331.0,99,128.55345
15171.0,147,128.983458
20404.0,189,129.569845
12716.0,153,130.022844
12850.0,131,130.422836
16114.0,80,130.661895
8260.0,85,130.91785
10857.0,95,131.207837
6616.0,44,131.340839
10843.0,100,131.642889
8564.0,58,131.815879
10312.0,116,132.165836
19701.0,193,132.747836
-552.0,5,132.768836
29470.0,257,133.530834
19589.0,217,134.173802
11323.0,89,134.44307
18044.0,142,134.869071
8123.0,101,135.175069
8210.0,92,135.495085
15755.0,109,135.877085
11044.0,69,136.095068
13168.0,111,136.432093
18140.0,131,136.835134
-522.0,1,136.836132
13181.0,112,137.180172
25770.0,166,137.697159
25377.0,174,138.219154
13558.0,77,138.457144
19876.0,218,139.095157
-668.0,12,139.13115
12950.0,125,139.496143
18669.0,89,139.763146
18142.0,119,140.112197
-740.0,12,140.147158
22637.0,187,140.727145
22886.0,172,141.256355
10581.0,126,141.638378
25361.0,180,142.185325
-710.0,13,142.223324
-1282.0,48,142.369328
-555.0,2,142.371329
10660.0,97,142.668329
22232.0,203,143.259333
4154.0,45,143.410331
15300.0,143,143.822596
27584.0,204,144.42865
11002.0,80,144.682687
20526.0,157,145.159567
-740.0,12,145.196556
16086.0,92,145.475563
25525.0,162,145.961514
10973.0,87,146.231513
28062.0,196,146.824514
12300.0,159,147.312557
8424.0,78,147.540515
8269.0,91,147.874517
8695.0,61,148.090514
20578.0,148,148.599514
13179.0,113,148.968514
12749.0,145,149.406568
15519.0,142,149.817513
17681.0,160,150.330562
15865.0,109,150.661526
13491.0,91,150.944514
8573.0,63,151.139544
32469.0,238,151.867526
18173.0,128,152.251494
8109.0,97,152.550643
13089.0,121,152.909359
-668.0,12,152.944358
-540.0,2,152.946361
13363.0,89,153.22236
10837.0,103,153.524413
12709.0,139,153.937359
15790.0,119,154.291359
13526.0,88,154.557359
8733.0,54,154.710404
15604.0,128,155.09336
20809.0,131,155.49137
-685.0,12,155.530359
8524.0,75,155.760371
8280.0,89,156.02636
15840.0,106,158.23069
17338.0,197,158.838677
25401.0,171,159.346728
10677.0,99,159.631757
11625.0,67,159.831583
8591.0,74,160.054567
17888.0,140,160.477567
8331.0,79,160.712569
8336.0,79,160.955571
28230.0,161,161.446606
20298.0,160,161.930585
8514.0,76,162.160585
10769.0,107,162.48858
18147.0,122,162.86047
15397.0,139,163.27144
8483.0,74,163.491415
47247.0,317,164.43257
4324.0,33,164.530647
11163.0,63,164.717656
10962.0,74,164.938643
13335.0,107,165.246345
15184.0,169,165.773335
4261.0,36,165.882388
13031.0,117,166.238334
10478.0,106,166.556335
8499.0,73,166.78338
8470.0,70,166.994346
9958.0,144,167.432332
19751.0,192,168.012345
17770.0,148,168.459328
-519.0,2,168.469329
10574.0,110,168.793328
17462.0,176,169.314347
1087.0,72,169.528818
8287.0,110,169.855774
10883.0,93,170.130794
10085.0,130,170.515322
12623.0,149,171.030323
31769.0,284,171.948377
-574.0,3,171.951321
-516.0,1,171.960372
-651.0,5,171.97432
8336.0,87,172.24032
-591.0,11,172.267322
8394.0,70,172.483348
11102.0,73,172.702891
15792.0,109,173.033893
8217.0,102,173.34094
8212.0,95,173.624946
17725.0,157,174.105899
8368.0,74,174.321904
15032.0,150,174.77189
8411.0,84,175.020905
10598.0,112,175.35932
31737.0,292,176.264321
27238.0,212,176.923321
13179.0,112,177.270307
8513.0,70,177.480321
8639.0,65,177.685321
13598.0,65,177.879309
17655.0,170,178.383364
10935.0,73,178.612189
10890.0,89,178.871178
8135.0,93,179.190126
15827.0,105,179.558128
10999.0,78,179.837158
18179.0,122,180.266361
-601.0,5,180.290395
-770.0,16,180.337412
20465.0,156,180.825178
8447.0,73,181.048131
1701.0,25,181.124143
6174.0,96,181.411138
7849.0,105,181.727184
18247.0,116,182.079132
8437.0,79,182.31913
13441.0,95,182.613141
13241.0,110,182.94213
18091.0,142,183.370129
-522.0,1,183.370129
-588.0,4,183.382183
8536.0,71,183.593467
23348.0,125,183.960458
15177.0,135,184.359639
22342.0,201,184.952638
27094.0,236,185.662638
20424.0,149,186.118679
10888.0,94,186.404691
8201.0,96,186.699639
8585.0,70,186.908647
8494.0,71,187.127651
15995.0,88,187.397641
7644.0,139,187.821651
23196.0,137,188.23565
8406.0,76,188.470647
-606.0,6,188.491647
15935.0,136,190.287768
32158.0,242,191.023957
10481.0,113,191.366021
8527.0,67,191.570052
6340.0,74,191.798087
20707.0,129,192.190036
15630.0,115,192.548507
-564.0,4,192.559509
10294.0,131,192.951532
13471.0,100,193.249525
7551.0,126,193.635557
18056.0,141,194.051507
13166.0,100,194.350509
20629.0,143,194.777522
51768.0,339,195.790823
35124.0,221,196.464832
-546.0,3,196.475827
15153.0,165,196.978872
25228.0,176,197.510824
24887.0,208,198.135815
-511.0,5,198.149816
10811.0,99,198.449825
8620.0,55,198.614825
22774.0,179,199.139344
8654.0,55,199.306341
22532.0,200,199.900874
22047.0,214,200.544873
8477.0,114,200.884874
15579.0,126,201.277886
-657.0,10,201.304876
20515.0,130,201.719873
22612.0,167,202.221889
8422.0,86,202.493886
-556.0,11,202.531874
-621.0,16,202.579923
8417.0,69,202.784873
11034.0,82,203.032888
13189.0,109,203.369878
8017.0,100,203.679886
27902.0,168,204.182887
12856.0,146,204.618884
8287.0,85,204.900883
20554.0,138,205.317203
19730.0,204,205.937097
10706.0,100,206.241099
10844.0,95,206.537112
15489.0,123,206.909108
13195.0,118,207.269109
38097.0,387,208.454109
13501.0,88,208.722098
-621.0,7,208.736101
27796.0,195,209.32311
12956.0,135,209.726147
18499.0,97,210.014907
8203.0,91,210.284499
30279.0,192,210.979483
27038.0,244,211.843534
-624.0,6,211.859494
-605.0,4,211.87151
11075.0,95,212.167065
11740.0,63,212.360183
11084.0,72,212.590187
8554.0,72,212.809139
20520.0,151,213.269131
20570.0,135,213.664145
7835.0,111,213.997131
8688.0,61,214.177205
10437.0,119,214.536296
-613.0,6,214.559336
12857.0,122,214.922472
-633.0,7,214.945501
12545.0,142,215.360668
15508.0,135,215.772675
18479.0,101,216.085556
15323.0,140,216.519517
35098.0,230,217.230516
12748.0,143,217.677516
13238.0,109,218.009516
10956.0,82,218.248563
12984.0,109,218.581516
13236.0,114,218.946573
13185.0,110,219.277517
15790.0,128,219.660516
-606.0,15,219.698516
-516.0,6,219.720531
12953.0,127,220.103745
-711.0,21,220.164758
23188.0,138,220.570659
8323.0,94,222.370689
15115.0,159,222.861729
-502.0,2,222.863742
14988.0,174,223.394322
-511.0,5,223.406323
13719.0,130,223.795335
-548.0,12,223.831368
7951.0,105,224.150323
32170.0,245,224.885339
8460.0,85,225.138324
7988.0,117,225.485029
13175.0,108,225.80627
10552.0,110,226.146228
-650.0,8,226.173228
20456.0,160,226.66324
17678.0,178,227.20327
29328.0,243,227.947228
10892.0,100,228.252228
-694.0,14,228.297228
8335.0,95,228.577243
12941.0,123,228.950233
15876.0,124,229.318228
-511.0,5,229.330226
8664.0,78,229.569735
8434.0,80,229.80673
-705.0,14,229.846149
8069.0,144,230.272271
13167.0,139,230.683215
13196.0,139,231.190295
10868.0,129,231.586093
-637.0,17,231.635095
10234.0,132,232.041137
18136.0,129,232.447108
10758.0,100,232.757512
11048.0,108,233.089517
13059.0,135,233.492473
13006.0,136,233.902461
8533.0,97,234.226488
10399.0,169,234.729492
12565.0,159,235.211489
10497.0,119,235.560493
17618.0,177,236.111478
-678.0,11,236.138486
15939.0,107,236.471493
8521.0,92,236.751478
10698.0,128,237.143492
13294.0,122,237.520485
10758.0,133,237.92453
4207.0,59,238.10353
13085.0,138,238.517482
-676.0,9,238.542489
10800.0,127,238.924495
10497.0,133,239.320496
13499.0,83,239.574491
25204.0,156,240.040478
8378.0,74,240.264477
-514.0,1,240.264477
8463.0,116,240.611488
20050.0,181,241.16449
10795.0,77,241.398484
20009.0,190,242.033478
11196.0,62,242.263503
12997.0,127,242.743489
18398.0,110,243.153486
-663.0,12,243.195491
18116.0,129,243.583534
4241.0,42,243.702479
20655.0,145,244.140485
-589.0,5,244.154486
15608.0,124,244.52748
-572.0,3,244.538478
10860.0,95,244.81151
10708.0,91,245.088478
8317.0,85,245.339788
10790.0,86,245.598774
17737.0,188,246.165158
8277.0,101,246.471194
-774.0,14,246.54316
6201.0,98,246.851172
-597.0,4,246.863158
-701.0,12,246.900168
8282.0,87,247.171097
10437.0,137,247.585768
8030.0,101,247.890719
10757.0,105,248.220762
-754.0,23,248.288411
4444.0,22,248.365393
15194.0,158,248.84238
8691.0,58,249.023384
18045.0,138,249.455389
13119.0,127,249.837394
-567.0,3,249.848388
30596.0,184,250.40038
8504.0,77,250.631388
-666.0,15,250.676391
3780.0,67,250.877388
22767.0,177,251.41638
15403.0,141,251.8724
8665.0,69,252.082394
8628.0,62,252.275382
-637.0,17,252.324433
10984.0,103,252.650396
8503.0,70,254.169212
18158.0,130,254.560225
8522.0,70,254.768324
10836.0,90,255.045352
10840.0,89,255.308407
10854.0,98,255.607485
8807.0,41,255.728464
17979.0,143,256.16398
9137.0,70,256.37398
12944.0,128,256.765979
13171.0,117,257.122014
8148.0,96,257.420015
13443.0,92,257.70208
-510.0,1,257.713036
32093.0,264,258.529088
-563.0,4,258.54205
10816.0,89,258.809052
13325.0,105,259.120037
8459.0,73,259.335045
17476.0,168,259.83709
8323.0,101,260.143036
8313.0,86,260.39404
22406.0,226,261.071683
6348.0,73,261.302188
15590.0,137,261.719469
8102.0,92,262.004484
-684.0,8,262.02949
12787.0,132,262.437006
11126.0,67,262.643013
10618.0,115,262.996001
13415.0,101,263.302003
28873.0,287,264.181064
22572.0,196,264.783118
15638.0,149,265.218065
13371.0,106,265.528066
-646.0,10,265.563065
-535.0,2,265.564066
-749.0,16,265.611068
-705.0,8,265.635078
8779.0,52,265.788077
-623.0,9,265.821118
-782.0,13,265.857649
-712.0,20,265.918171
13505.0,78,266.148172
42255.0,280,267.005172
12321.0,170,267.520193
13225.0,108,267.847172
-531.0,2,267.850172
11177.0,70,268.066185
13472.0,101,268.366184
8243.0,84,268.622192
12724.0,130,269.019973
10786.0,101,269.319032
8597.0,70,269.522974
13035.0,125,269.897973
-725.0,12,269.934973
13379.0,92,270.208424
29501.0,255,270.96192
15786.0,154,271.424928
-576.0,5,271.438918
14820.0,168,271.949929
10778.0,97,272.242931
8107.0,101,272.565968
-687.0,7,272.583927
22400.0,205,273.228917
17677.0,155,273.776923
20664.0,137,274.28592
8572.0,66,274.520917
-627.0,9,274.557933
34776.0,252,275.31399
32236.0,243,276.04298
11115.0,83,276.288027
13373.0,101,276.593015
12702.0,144,277.026983
20403.0,150,277.487981
10228.0,126,277.869023
13370.0,100,278.17398
8036.0,103,278.488981
13559.0,85,278.759985
3943.0,55,278.933
10978.0,84,279.185981
15583.0,114,279.519989
22322.0,207,280.13098
-516.0,6,280.154033
17740.0,153,280.60599
-510.0,1,280.607039
8368.0,92,280.876983
8022.0,107,281.197257
22595.0,178,281.726209
8479.0,78,281.96721
16048.0,130,282.360224
8108.0,94,282.653209
8059.0,95,282.941209
8221.0,86,283.195207
1983.0,7,283.220228
27585.0,210,283.849221
8056.0,103,284.160208
-586.0,5,284.173231
17450.0,178,286.46296
10708.0,105,286.84362
15096.0,151,287.310354
13430.0,93,287.588363
8511.0,72,287.808355
-513.0,2,287.820386
15029.0,150,288.272355
20651.0,150,288.728367
11009.0,82,289.087873
10978.0,86,289.398313
-648.0,8,289.424316
18246.0,116,289.8383
15066.0,169,290.363867
27583.0,207,290.996008
-600.0,9,291.022009
13117.0,125,291.395008
17929.0,151,291.856006
-620.0,13,291.895006
13505.0,99,292.201008
8291.0,87,292.478024
-598.0,7,292.494007
8374.0,86,292.764007
13083.0,159,293.249058
13604.0,83,293.494007
10647.0,103,293.805056
22786.0,174,294.362006
15942.0,94,294.641008
15211.0,174,295.159007
8228.0,93,295.433008
-579.0,4,295.44653
12427.0,165,295.93154
8827.0,47,296.074594
15420.0,141,296.490541
1686.0,40,296.61255
7736.0,125,296.990551
10944.0,96,297.281567
11407.0,218,297.946542
13052.0,122,298.319541
13295.0,104,298.680564
18093.0,136,299.185541
17437.0,193,299.912541
20429.0,159,300.418558
8286.0,102,300.727558
13257.0,110,301.051042
12933.0,132,301.442042
8641.0,65,301.643724
10436.0,104,301.963725
10789.0,99,302.259735
11049.0,96,302.551718
11162.0,87,302.818712
6608.0,71,303.036713
20456.0,166,303.530726
13434.0,103,303.845712
8825.0,60,304.029717
27883.0,193,304.622716
15874.0,122,305.325713
3984.0,66,305.631716
18356.0,131,306.094715
20066.0,196,306.744722
10338.0,142,307.18371
8193.0,108,307.509762
13026.0,134,307.915714
7653.0,124,308.294759
-595.0,3,308.30672
10414.0,126,308.751713
8495.0,83,309.039714
12707.0,146,309.561711
6214.0,87,309.856728
10713.0,105,310.222711
14958.0,189,310.864712
22936.0,175,311.412761
10659.0,121,311.768724
13527.0,88,312.036724
11041.0,83,312.292723
7994.0,129,312.685762
15526.0,132,313.085712
1696.0,38,313.195713
6259.0,95,313.486731
9012.0,79,313.730079
15642.0,123,314.16408
27578.0,238,314.883083
20673.0,163,315.373094
8711.0,54,315.528788
-566.0,5,315.550792
11094.0,113,315.881779
22949.0,176,316.408792
7810.0,143,316.839837
1509.0,53,317.000797
8756.0,55,317.172836
13450.0,97,317.464779
6602.0,63,317.658293
10848.0,101,317.966965
16187.0,125,319.777672
6273.0,87,320.047687
12850.0,163,320.534681
16200.0,78,320.762689
10387.0,127,321.142797
7894.0,128,321.521744
15447.0,141,321.977758
8452.0,84,322.266757
10819.0,97,322.617784
-619.0,9,322.652793
15219.0,173,323.177782
15162.0,143,323.622743
18468.0,148,324.069743
-589.0,5,324.083748
12747.0,141,324.505749
-544.0,3,324.516748
10827.0,104,324.85175
8467.0,72,325.067439
6592.0,63,325.256438
8498.0,75,325.47244
20898.0,122,325.837468
15467.0,137,326.324759
11057.0,109,326.646752
8558.0,70,326.857067
15374.0,151,327.320078
-614.0,5,327.336081
7655.0,126,327.720073
15014.0,163,328.220102
17911.0,151,328.689077
13027.0,127,329.086078
8098.0,115,329.43408
8381.0,85,329.699112
-657.0,8,329.722117
13300.0,108,330.050055
27590.0,200,330.650002
22607.0,184,331.198053
8589.0,64,331.386003
8106.0,112,331.715997
-709.0,13,331.751947
8733.0,98,332.039481
8324.0,103,332.360053
8392.0,79,332.605719
24660.0,230,333.301606
32160.0,246,334.058567
32163.0,273,334.884557
12428.0,177,335.441572
22531.0,197,336.040565
8431.0,93,336.314554
23050.0,157,336.842788
8374.0,81,337.125786
9197.0,56,337.320807
31985.0,271,338.247785
12473.0,168,338.779786
8332.0,82,339.037835
8478.0,74,339.255786
10957.0,85,339.508787
13147.0,124,339.88579
7608.0,142,340.321058
-575.0,4,340.333054
8795.0,42,340.453044
8605.0,68,340.6601
17400.0,181,341.208092
10860.0,92,341.484539
20276.0,151,341.920526
4164.0,30,342.015527
12924.0,127,342.407525
-612.0,6,342.420539
1656.0,32,342.517529
8645.0,52,342.679536
12975.0,163,343.17654
10770.0,99,343.479576
10981.0,72,343.69858
11170.0,60,343.881602
-738.0,13,343.921529
22711.0,194,344.555536
8520.0,72,344.768527
-691.0,9,344.801579
8483.0,89,345.068526
8436.0,78,345.297531
8620.0,59,345.478536
-628.0,9,345.502537
13284.0,102,345.814334
20008.0,176,346.341323
13094.0,125,346.71453
15036.0,153,347.166536
13382.0,162,347.668208
8201.0,92,347.94721
12920.0,129,348.342226
-582.0,9,348.36621
13432.0,95,348.664221
13305.0,97,348.955218
8584.0,71,349.17422
13578.0,79,349.415221
10839.0,93,349.698233
7687.0,128,350.145231
8257.0,89,350.410213
13514.0,83,352.011512
8346.0,87,352.280502
8325.0,81,352.530502
30160.0,185,353.108503
20466.0,153,353.583564
8340.0,78,353.815564
8746.0,53,353.973567
12817.0,150,354.456992
8441.0,79,354.698942
8816.0,48,354.843942
10277.0,134,355.253961
11179.0,104,355.561946
8159.0,101,355.858154
9135.0,63,356.050871
10502.0,119,356.407001
11164.0,68,356.611012
10313.0,127,356.989998
22893.0,156,357.465049
32791.0,197,358.065007
10964.0,87,358.338047
8562.0,71,358.548011
10920.0,98,358.851
-525.0,1,358.851998
15523.0,126,359.24301
13662.0,68,359.44704
18417.0,130,359.844011
8178.0,93,360.126009
8613.0,59,360.305998
10642.0,110,360.641998
27081.0,239,361.35235
10880.0,84,361.601362
10626.0,94,361.887426
27580.0,206,362.509428
13414.0,82,362.762426
8522.0,75,362.995467
14239.0,219,363.65443
-508.0,1,363.663448
-601.0,8,363.690577
8479.0,70,363.900596
20769.0,142,364.338564
12520.0,156,364.815577
23134.0,146,365.249576
15430.0,144,365.691613
-551.0,2,365.702615
8332.0,88,365.965615
38792.0,357,367.027961
-553.0,8,367.051963
17804.0,154,367.518097
8406.0,78,367.75914
-746.0,15,367.808287
10680.0,94,368.12729
10915.0,84,368.439294
19261.0,237,369.317291
-580.0,3,369.331291
-749.0,10,369.371298
15897.0,107,369.70729
25227.0,171,370.227301
8105.0,102,370.539339
18270.0,118,370.889288
10968.0,77,371.115312
10254.0,134,371.519298
20635.0,153,371.9753
25282.0,175,372.498292
18462.0,103,372.820288
36933.0,294,373.721303
10468.0,107,374.054287
22324.0,209,374.706299
16478.0,95,375.003301
22864.0,163,375.494286
22828.0,181,376.034438
8662.0,64,376.225392
10863.0,87,376.488403
-547.0,4,376.500404
15575.0,137,376.909404
25064.0,181,377.447403
10009.0,136,377.861406
18622.0,86,378.131391
19582.0,211,378.768392
1540.0,42,378.899446
8658.0,67,379.106441
8518.0,75,379.32739
1569.0,48,379.475447
20545.0,153,379.954432
13053.0,125,380.335391
12822.0,126,380.70639
10591.0,90,380.98344
22893.0,165,381.468447
-608.0,4,381.48139
13179.0,116,381.824394
13235.0,102,382.133412
10856.0,93,382.407399
27726.0,181,384.71894
13646.0,85,384.974897
16439.0,89,385.249897
-690.0,14,385.288896
17387.0,185,385.851897
13032.0,119,386.2069
10516.0,101,386.50592
12845.0,134,386.909919
-568.0,3,386.919972
19508.0,219,387.563355
17691.0,171,388.091355
8324.0,86,388.367353
18147.0,151,388.820342
3694.0,69,389.037358
20726.0,133,389.444537
15728.0,117,389.800883
7381.0,134,390.212945
11032.0,82,390.456953
10883.0,78,390.698933
7690.0,113,391.033952
10367.0,135,391.444948
17746.0,150,391.888943
28942.0,284,392.746025
10544.0,116,393.097027
-504.0,3,393.109027
17998.0,138,393.530044
-522.0,2,393.541102
6722.0,52,393.698025
-571.0,3,393.70904
10899.0,91,393.980026
10803.0,96,394.277026
-658.0,8,394.301033
11058.0,77,394.546028
1629.0,33,394.644033
6172.0,100,394.953027
16097.0,89,395.218642
13374.0,93,395.495683
6496.0,62,395.685633
25627.0,156,396.147631
17801.0,174,396.665559
8713.0,59,396.842557
11070.0,90,397.111544
8187.0,104,397.421544
13329.0,98,397.710545
15350.0,145,398.153544
6382.0,80,398.396585
-663.0,10,398.432544
-507.0,1,398.433544
8600.0,63,398.633605
-513.0,7,398.657599
8256.0,104,399.001398
-720.0,10,399.027406
10396.0,131,399.459407
-1196.0,51,399.654398
8240.0,108,400.054397
8064.0,119,400.489399
8109.0,106,400.855398
8684.0,60,401.035406
13153.0,124,401.404987
-580.0,13,401.442989
1331.0,65,401.632042
-592.0,7,401.655003
8361.0,110,401.990246
8500.0,94,402.260293
8261.0,107,402.576236
8687.0,83,402.82686
13263.0,146,403.270823
3779.0,73,403.491818
9993.0,140,403.918805
8309.0,84,404.174818
7968.0,154,404.652819
8347.0,190,405.219816
-564.0,11,405.255811
-559.0,6,405.278804
-740.0,16,405.327589
-532.0,3,405.330589
-733.0,22,405.40059
-1568.0,100,405.699587
3646.0,171,406.212588
-1309.0,100,406.509027
-1176.0,100,406.810326
-1287.0,100,407.110378
-1195.0,100,407.409343
8306.0,206,408.020693
-1236.0,100,408.324693
-1437.0,100,408.628746
-1289.0,100,408.935673
-567.0,12,408.972657
-639.0,18,409.032654
8691.0,78,409.261658
10852.0,93,409.542662
12416.0,172,410.115672
8245.0,132,410.520658
8305.0,124,410.900657
5655.0,246,411.641673
-1171.0,100,411.93871
13177.0,157,412.40476
8357.0,83,412.658737
-549.0,5,412.673735
4104.0,70,412.886724
13409.0,102,413.194777
10795.0,115,413.543724
15932.0,102,413.851772
8896.0,37,413.970736
15595.0,134,414.394749
12731.0,141,414.823725
11037.0,86,416.149239
10793.0,102,416.448356
10782.0,100,416.746306
10561.0,95,417.029307
10899.0,98,417.324573
10935.0,85,417.57637
11063.0,69,417.778371
6402.0,77,418.009359
20301.0,164,418.507358
15392.0,143,418.946383
10363.0,115,419.298884
12842.0,141,419.723836
8557.0,72,419.942845
4334.0,37,420.053845
8712.0,63,420.247834
10933.0,86,420.512835
-587.0,4,420.527463
13312.0,151,420.979883
13227.0,105,421.302421
10817.0,91,421.56944
10912.0,80,421.810941
7775.0,123,422.200941
8666.0,62,422.43295
-518.0,1,422.43295
8782.0,41,422.583939
27787.0,189,423.15998
8449.0,75,423.39098
8024.0,103,423.705952
10678.0,107,424.033938
3819.0,69,424.238989
11087.0,78,424.474939
20007.0,194,425.069939
10587.0,119,425.432937
11094.0,75,425.655939
11089.0,76,425.878953
-620.0,6,425.901959
8473.0,79,426.143989
8898.0,90,426.408938
-539.0,4,426.420992
18300.0,123,426.791953
8599.0,71,427.006988
8177.0,100,427.299948
10483.0,134,427.692417
15666.0,140,428.110431
13197.0,116,428.472418
8285.0,96,428.76442
8809.0,45,428.897429
8424.0,86,429.162434
8330.0,75,429.406419
4176.0,53,429.57642
14599.0,185,430.138417
10809.0,93,430.419448
8466.0,66,430.624431
8201.0,106,430.959418
12848.0,144,431.486431
10549.0,156,432.04744
15345.0,150,432.530417
8310.0,99,432.825467
20005.0,177,433.355426
-678.0,10,433.383445
6609.0,63,433.579449
8256.0,88,433.848429
13486.0,93,434.18243
15451.0,132,434.620471
10905.0,92,434.90543
-533.0,2,434.91543
4158.0,43,435.047426
8390.0,91,435.313418
10781.0,105,435.636471
10926.0,86,435.891429
8246.0,89,436.155427
4149.0,57,436.332426
-577.0,5,436.345467
11653.0,64,436.535417
13315.0,94,436.812475
9958.0,139,437.229435
10863.0,95,437.515661
-619.0,10,437.540663
17893.0,152,437.989555
17637.0,165,438.498963
8583.0,67,438.698836
8420.0,83,438.949836
12496.0,159,439.442834
13310.0,103,439.756887
17903.0,154,440.225839
1673.0,36,440.335878
-581.0,5,440.348837
15330.0,150,440.81085
13005.0,130,441.203847
22420.0,193,441.786835
12734.0,156,442.254251
17021.0,192,442.821687
6412.0,77,443.054537
24640.0,218,443.723526
10662.0,95,444.016368
8473.0,88,444.288053
10899.0,94,444.586089
8586.0,65,444.803088
9104.0,63,444.999051
8424.0,74,445.220048
8672.0,64,445.418049
17946.0,154,445.891048
10655.0,113,446.234036
12887.0,140,448.359079
10687.0,105,448.676078
10862.0,108,449.008078
17659.0,191,449.599573
15828.0,125,449.983597
8040.0,84,450.243586
8370.0,84,450.497589
10627.0,114,450.848623
8634.0,69,451.052574
14949.0,189,451.614087
10855.0,112,451.946034
-578.0,3,451.957084
3631.0,158,452.422044
3349.0,131,452.815034
8635.0,84,453.064054
4224.0,35,453.171035
12951.0,155,453.649041
8724.0,54,453.810036
7673.0,178,454.360051
8725.0,133,454.773033
10403.0,137,455.190044
4253.0,40,455.31305
11308.0,113,455.654049
7647.0,124,456.026035
4169.0,57,456.204052
-1261.0,50,456.350062
10475.0,126,456.730043
-657.0,8,456.752091
10412.0,178,457.275876
8576.0,105,457.586873
7727.0,146,458.026924
-733.0,14,458.063874
10724.0,128,458.449896
4136.0,62,458.64493
-595.0,6,458.658884
8714.0,66,458.893931
8047.0,173,459.422915
10819.0,110,459.763874
16089.0,150,460.223914
17939.0,145,460.666875
4308.0,95,460.955883
-729.0,13,460.995882
1580.0,52,461.149877
3770.0,78,461.385885
-541.0,2,461.387881
6349.0,87,461.648837
10975.0,109,461.969879
8781.0,60,462.148838
17719.0,171,462.749755
17640.0,170,463.364744
11164.0,108,463.756795
4051.0,64,463.954742
9738.0,194,464.540777
8229.0,113,464.885752
11020.0,104,465.204759
8925.0,93,465.49579
-649.0,23,465.55875
17487.0,203,466.177754
16235.0,119,466.534743
22217.0,216,467.190402
-1229.0,54,467.361394
15738.0,116,467.7574
9933.0,170,468.365391
-576.0,4,468.381406
-756.0,17,468.450389
1531.0,47,468.644436
6315.0,82,468.922395
10968.0,83,469.218407
12836.0,132,469.785391
21822.0,231,470.655403
20080.0,184,471.220394
15455.0,143,471.651437
-532.0,2,471.653401
8551.0,62,471.848717
15571.0,130,472.23477
10877.0,98,472.544718
10433.0,118,472.889898
25111.0,202,473.497877
8069.0,128,473.880927
11036.0,61,474.089879
-616.0,6,474.103908
22812.0,169,474.631876
10963.0,84,474.895876
10820.0,98,475.190877
10619.0,116,475.541878
10511.0,126,475.930642
15250.0,147,476.365647
-560.0,5,476.38765
13340.0,107,476.707659
8020.0,110,477.046176
6135.0,99,477.341176
30507.0,197,477.927206
10915.0,89,478.193208
8441.0,90,478.467246
6560.0,67,478.657964
13540.0,94,478.950953
13083.0,116,479.304953
15806.0,121,481.56585
8520.0,74,481.792277
8651.0,71,481.998179
10564.0,114,482.342162
8980.0,88,482.605536
12841.0,137,483.012498
8170.0,103,483.321504
16067.0,138,483.726
15884.0,105,484.057001
-521.0,5,484.070013
15805.0,116,484.427998
13204.0,123,484.816013
7148.0,146,485.264001
8532.0,114,485.617003
15937.0,117,485.968009
-622.0,6,485.981998
8853.0,82,486.239997
1561.0,52,486.396002
4179.0,49,486.542002
6491.0,69,486.749048
-563.0,4,486.762
1743.0,40,486.880997
29579.0,273,487.699997
8334.0,96,487.988049
6153.0,95,488.263181
17914.0,155,488.729846
8472.0,78,488.970905
1279.0,66,489.167909
22310.0,277,490.038439
3983.0,68,490.243438
15082.0,161,490.748465
10953.0,82,490.993457
8747.0,105,491.310439
8365.0,130,491.700571
8236.0,88,491.963439
20267.0,176,492.484491
-540.0,7,492.509952
6353.0,88,492.769938
13397.0,88,493.030982
-586.0,8,493.055953
15746.0,132,493.448895
13372.0,113,493.815895
8213.0,141,494.311885
12699.0,162,494.906889
8676.0,125,495.325884
-512.0,1,495.326885
34668.0,282,496.191936
10398.0,123,496.554885
13160.0,136,496.96394
-505.0,2,496.973892
15525.0,144,497.411884
6368.0,80,497.652933
-551.0,3,497.663895
8705.0,115,498.002884
8323.0,99,498.295883
1298.0,57,498.461884
8411.0,146,498.908319
13270.0,120,499.273303
1575.0,53,499.431318
15196.0,166,499.949317
13338.0,101,500.25773
8483.0,85,500.516782
10356.0,143,500.96573
5710.0,137,501.37673
8404.0,97,501.670782
11137.0,94,501.960731
10958.0,101,502.260733
25446.0,183,502.804728
18281.0,138,503.21573
10121.0,164,503.712981
-513.0,1,503.722015
22413.0,205,504.341981
13444.0,153,504.837642
-595.0,4,504.850647
10706.0,104,505.174363
8263.0,140,505.605363
8236.0,106,505.936348
8277.0,90,506.210367
44386.0,336,507.242368
1142.0,73,507.456359
8463.0,99,507.753422
15998.0,142,508.180432
11038.0,83,508.41839
23004.0,149,508.873154
14777.0,188,509.445935
15208.0,156,509.923921
13108.0,152,510.389921
8393.0,87,510.648936
-696.0,15,510.700921
12840.0,147,511.150974
8464.0,76,511.388937
15213.0,153,511.847924
8327.0,82,513.713344
10824.0,95,513.989443
18646.0,151,514.456555
13473.0,119,514.821564
8081.0,90,515.096556
13498.0,131,515.495547
12877.0,122,515.867556
11167.0,66,516.063555
13191.0,107,516.389546
11063.0,71,516.607545
12855.0,138,517.019563
10689.0,110,517.350598
-705.0,30,517.437561
15459.0,124,517.809586
15842.0,115,518.159719
15801.0,115,518.506317
14419.0,207,519.138654
11543.0,78,519.380621
27452.0,232,520.093676
7911.0,110,520.424622
11125.0,82,520.680622
12747.0,144,521.12762
22389.0,211,521.767631
17756.0,148,522.210634
11208.0,62,522.393463
13677.0,75,522.621467
17055.0,205,523.23145
12849.0,135,523.63346
8138.0,100,523.936856
30077.0,227,524.625851
-639.0,6,524.638846
8392.0,85,524.896969
12815.0,138,525.370847
10681.0,124,525.835846
10333.0,138,526.356851
10917.0,76,526.623847
-559.0,3,526.635861
25236.0,188,527.210847
15716.0,118,527.570844
19688.0,205,528.19786
6077.0,105,528.510915
25110.0,202,529.115896
18312.0,118,529.466348
10483.0,106,529.794405
13453.0,97,530.10036
10693.0,99,530.459398
8513.0,69,530.675659
10846.0,90,530.951687
8549.0,62,531.14966
17923.0,153,531.611664
10913.0,90,531.88466
9275.0,48,532.029659
8654.0,72,532.248659
8622.0,62,532.42666
10519.0,121,532.784661
8085.0,109,533.116678
10627.0,112,533.448717
8478.0,72,533.664662
10536.0,123,534.039675
12816.0,143,534.476672
17639.0,165,534.981717
12938.0,129,535.387675
13151.0,111,535.718669
1619.0,43,535.851675
-702.0,11,535.889672
13485.0,94,536.172673
22910.0,162,536.67275
-521.0,1,536.673754
8421.0,87,536.947753
13462.0,95,537.238785
1640.0,43,537.362787
11173.0,64,537.553734
-534.0,2,537.565757
10926.0,92,537.842745
7884.0,118,538.197747
10632.0,112,538.533748
8431.0,71,538.757747
10281.0,122,539.130764
10377.0,124,539.501749
8768.0,45,539.639733
6304.0,93,539.927744
8513.0,70,540.153733
10778.0,96,540.448733
10805.0,99,540.746747
10855.0,96,541.04175
22669.0,174,541.584738
31493.0,301,542.497754
-694.0,11,542.532745
8062.0,105,542.847103
20616.0,139,543.266592
17702.0,171,543.777629
21056.0,107,544.08759
13384.0,104,544.400589
-552.0,4,546.007491
-689.0,11,546.043497
30251.0,202,546.705485
15360.0,146,547.209482
8457.0,81,547.447482
13131.0,121,547.817492
10696.0,140,548.239536
31615.0,302,549.135222
19581.0,206,549.781269
8807.0,45,549.917233
24971.0,188,550.493218
11217.0,100,550.807307
10368.0,115,551.162318
15496.0,124,551.541305
10504.0,116,551.909307
15704.0,111,552.240087
4049.0,48,552.383091
16182.0,127,552.762094
15377.0,149,553.202088
15049.0,157,553.677086
17890.0,155,554.130732
16211.0,72,554.343731
22654.0,190,554.921729
20260.0,157,555.40473
25578.0,201,556.009732
10790.0,102,556.326745
22861.0,173,556.928732
20627.0,127,557.380733
25351.0,187,558.055729
8590.0,69,558.259741
20127.0,167,558.755521
8226.0,103,559.058472
11083.0,112,559.39148
8422.0,77,559.627519
8565.0,62,559.810493
20225.0,165,560.328821
8809.0,80,560.575836
8650.0,62,560.77383
12944.0,133,561.179832
7988.0,111,561.52383
13185.0,108,561.858827
8741.0,58,562.03282
10811.0,94,562.318818
22699.0,215,562.972831
15942.0,138,563.387822
8289.0,85,563.639419
42121.0,288,564.503422
15672.0,124,564.91245
20266.0,173,565.449409
12432.0,161,565.943454
-748.0,11,565.98145
-580.0,4,565.995076
-544.0,2,565.996074
8483.0,74,566.230071
8609.0,68,566.438059
20140.0,188,567.01598
10474.0,109,567.338991
17576.0,177,567.861905
8197.0,97,568.148021
-650.0,6,568.171964
8199.0,90,568.434024
13201.0,114,568.775382
19754.0,193,569.35
22999.0,172,569.868883
8238.0,92,570.152886
20622.0,141,570.584887
12731.0,135,571.004884
4193.0,33,571.104877
8628.0,62,571.303872
6091.0,102,571.612905
15475.0,126,572.007924
1613.0,42,572.132911
8407.0,74,572.363882
11073.0,78,572.595881
10803.0,99,572.905906
10785.0,95,573.199885
16125.0,131,573.595925
10782.0,120,573.955884
15618.0,133,574.345916
10486.0,118,574.692562
10375.0,130,575.104572
8313.0,84,575.36363
-648.0,14,575.402572
20411.0,154,575.87958
1662.0,29,575.96661
11408.0,94,576.256574
8587.0,57,576.426569
8297.0,87,576.69656
8178.0,95,578.689561
8763.0,44,578.843548
12534.0,164,579.330703
8738.0,56,579.4968
-690.0,15,579.543725
17578.0,180,580.094392
15332.0,176,580.626383
18559.0,89,580.899143
8234.0,85,581.170141
8058.0,99,581.463139
1681.0,26,581.546128
13058.0,110,581.877135
10921.0,84,582.136143
8805.0,46,582.28214
33041.0,196,582.874128
3966.0,70,583.081129
-546.0,2,583.090127
13520.0,93,583.371139
12952.0,132,583.763145
15586.0,115,584.107291
15969.0,82,584.3463
13139.0,114,584.690305
10076.0,133,585.096306
8312.0,79,585.34329
-572.0,5,585.355303
19762.0,187,585.9333
15780.0,112,586.27229
13375.0,100,586.582289
8228.0,93,586.91229
-628.0,14,586.95829
13205.0,143,587.392324
8513.0,68,587.600303
9870.0,147,588.043292
13718.0,125,588.477299
15474.0,132,589.013294
-778.0,25,589.16229
10239.0,130,589.619309
10943.0,81,589.859325
10152.0,136,590.27535
8720.0,51,590.435367
15399.0,146,590.888361
14243.0,208,591.576308
20453.0,155,592.052324
8647.0,56,592.221309
13379.0,108,592.549314
-672.0,9,592.583308
10840.0,96,592.878359
13420.0,90,593.14632
3460.0,97,593.434315
8507.0,90,593.704319
3983.0,65,593.89532
32245.0,236,594.627586
8012.0,112,594.961584
15634.0,164,595.462586
20115.0,189,596.03659
8154.0,85,596.305478
-641.0,8,596.329531
15480.0,140,596.757534
-688.0,17,596.806491
24806.0,217,597.468487
8307.0,83,597.715484
-663.0,8,597.739496
8195.0,98,598.028481
20222.0,183,598.577219
10871.0,94,598.858219
8169.0,97,599.146241
12868.0,126,599.516246
8176.0,105,599.833237
8469.0,80,600.078244
7460.0,136,600.497099
15662.0,164,600.999129
8563.0,63,601.186089
15459.0,142,601.625306
8353.0,87,601.895357
10592.0,109,602.226306
20590.0,149,602.681362
8488.0,76,602.911309
15830.0,103,603.222357
8416.0,81,603.459359
21105.0,156,603.925916
13391.0,93,604.196918
-695.0,8,604.219918
13252.0,109,604.551969
8210.0,96,604.837309
-552.0,5,604.84932
22320.0,211,605.493359
13169.0,131,605.885309
10880.0,107,606.218325
13111.0,117,606.573321
8030.0,98,606.884357
29598.0,236,607.598374
10633.0,111,607.936379
8565.0,66,608.130372
17931.0,150,608.581369
15071.0,171,609.080385
11129.0,77,610.867017
12964.0,126,611.252335
12991.0,125,611.640272
-672.0,9,611.67434
32451.0,239,612.398902
4317.0,26,612.481889
8554.0,63,612.676887
-572.0,5,612.689887
15916.0,109,613.02089
10973.0,85,613.273889
12806.0,130,613.660886
13096.0,130,614.072893
-883.0,33,614.207892
10984.0,86,614.502888
20535.0,159,614.979888
22594.0,190,615.550894
15887.0,106,615.877899
13268.0,111,616.219928
9074.0,81,616.464938
8333.0,117,616.827898
10840.0,96,617.126889
18193.0,116,617.482909
-829.0,13,617.520889
4330.0,44,617.654904
-812.0,28,617.74089
8685.0,72,617.956888
-522.0,1,617.966898
20401.0,162,618.446919
8870.0,96,618.733897
13481.0,94,619.02394
15860.0,112,619.364938
8774.0,58,619.531943
8325.0,82,619.834886
10731.0,106,620.204891
12578.0,145,620.727888
7986.0,119,621.137891
-1235.0,47,621.281933
-566.0,5,621.2949
8432.0,91,621.570886
10509.0,168,622.085886
5718.0,105,622.418888
18586.0,147,622.89591
10726.0,95,623.228887
8000.0,115,623.570532
29008.0,246,624.325533
8368.0,83,624.574544
8766.0,51,624.743532
8620.0,83,624.993533
20711.0,129,625.376593
4307.0,33,625.483541
11071.0,79,625.716395
21921.0,235,626.431412
1879.0,25,626.507411
10570.0,149,626.972406
11096.0,66,627.17071
-517.0,2,627.181742
10820.0,98,627.47872
10526.0,129,627.867711
8561.0,78,628.108722
10971.0,93,628.387712
10546.0,112,628.726747
8058.0,100,629.031716
12824.0,169,629.528723
10870.0,87,629.790728
10549.0,133,630.186661
8330.0,84,630.437661
8546.0,69,630.659669
10628.0,123,631.032661
7620.0,123,631.41086
12321.0,181,631.971937
7964.0,127,632.363942
-674.0,20,632.424946
7815.0,113,632.772946
-506.0,4,632.784949
15606.0,133,633.193932
1779.0,22,633.253935
10617.0,104,633.568745
13449.0,102,633.87928
1877.0,28,633.962318
8353.0,88,634.227267
1463.0,43,634.352874
22062.0,244,635.081868
8714.0,65,635.281905
-713.0,22,635.342905
-595.0,3,635.355078
13367.0,96,635.646384
7654.0,128,636.035439
13381.0,126,636.414391
12931.0,129,636.815433
4042.0,60,637.002434
-621.0,18,637.053384
-547.0,5,637.066397
8169.0,107,637.397771
10855.0,120,637.760774
13038.0,129,638.146771
-675.0,21,638.215784
10849.0,104,638.532502
10560.0,127,638.932503
7694.0,131,639.325517
5685.0,129,639.707518
12912.0,140,640.126088
10958.0,121,640.489078
-526.0,2,640.490138
10468.0,133,640.8901
12469.0,168,641.403079
-509.0,1,641.413078
